Names,Portfolios,Weightage,TotalReturns,InvestmentAmount,Volatility
Portfolio10,NFLX,0.05,0.11,97.58,Low
Portfolio10,IBM,0.06,0.11,97.58,Low
Portfolio10,WMT,0.28,0.11,97.58,Low
Portfolio10,DIS,0.0,0.11,97.58,Low
Portfolio10,GE,0.0,0.11,97.58,Low
Portfolio10,AAPL,0.0,0.11,97.58,Low
Portfolio10,KO,0.25,0.11,97.58,Low
Portfolio10,TSLA,0.01,0.11,97.58,Low
Portfolio10,VZ,0.33,0.11,97.58,Low
Portfolio10,V,0.01,0.11,97.58,Low
Portfolio9,KO,0.26,0.11,97.58,Low
Portfolio9,WMT,0.28,0.11,97.58,Low
Portfolio9,NFLX,0.05,0.11,97.58,Low
Portfolio9,TSLA,0.01,0.11,97.58,Low
Portfolio9,IBM,0.07,0.11,97.58,Low
Portfolio9,AAPL,0.0,0.11,97.58,Low
Portfolio9,DIS,0.0,0.11,97.58,Low
Portfolio9,GE,0.0,0.11,97.58,Low
Portfolio9,VZ,0.33,0.11,97.58,Low
Portfolio8,AAPL,0.0,0.11,105.18,Low
Portfolio8,WMT,0.35,0.11,105.18,Low
Portfolio8,GE,0.02,0.11,105.18,Low
Portfolio8,NFLX,0.05,0.11,105.18,Low
Portfolio8,IBM,0.13,0.11,105.18,Low
Portfolio8,DIS,0.03,0.11,105.18,Low
Portfolio8,TSLA,0.01,0.11,105.18,Low
Portfolio8,VZ,0.41,0.11,105.18,Low
Portfolio7,IBM,0.14,0.11,105.02,Low
Portfolio7,TSLA,0.01,0.11,105.02,Low
Portfolio7,AAPL,0.0,0.11,105.02,Low
Portfolio7,VZ,0.42,0.11,105.02,Low
Portfolio7,WMT,0.35,0.11,105.02,Low
Portfolio7,NFLX,0.05,0.11,105.02,Low
Portfolio7,DIS,0.04,0.11,105.02,Low
Portfolio6,NFLX,0.08,0.09,135.88,Low
Portfolio6,VZ,0.59,0.09,135.88,Low
Portfolio6,AAPL,0.07,0.09,135.88,Low
Portfolio6,TSLA,0.01,0.09,135.88,Low
Portfolio6,DIS,0.04,0.09,135.88,Low
Portfolio6,IBM,0.21,0.09,135.88,Low
Portfolio5,VZ,0.71,0.07,104.92,Low
Portfolio5,DIS,0.09,0.07,104.92,Low
Portfolio5,NFLX,0.06,0.07,104.92,Low
Portfolio5,TSLA,0.01,0.07,104.92,Low
Portfolio5,AAPL,0.13,0.07,104.92,Low
Portfolio3,AAPL,0.56,0.18,158.8,High
Portfolio3,TSLA,0.0,0.18,158.8,High
Portfolio3,DIS,0.44,0.18,158.8,High
Portfolio4,TSLA,0.02,0.08,77.35,Low
Portfolio4,AAPL,0.16,0.08,77.35,Low
Portfolio4,DIS,0.11,0.08,77.35,Low
Portfolio4,VZ,0.72,0.08,77.35,Low
Portfolio2,DIS,0.44,0.18,158.8,High
Portfolio2,AAPL,0.56,0.18,158.8,High
Portfolio1,AAPL,1.0,0.35,216.55,High
